<?xml version="1.0" encoding="UTF-8"?>
<templates id="point_of_sale.template" xml:space="preserve">
        <t t-name="OrderReceipt" t-inherit="point_of_sale.OrderReceipt" t-inherit-mode="extension" owl="1">
            <xpath expr="//img[hasclass('pos-receipt-logo')]" position="after">
                <div style="width:20%;float:left;">
                    <t>
                        <img t-attf-src="/web/image/pos.config/{{env.pos.config.id }}/image" alt="Logo" style="width:100%"/>
                    </t>
                </div>
            </xpath>
        </t>
</templates>
